-- phpMyAdmin SQL Dump
-- version 4.7.7
-- https://www.phpmyadmin.net/
--
-- Host: localhost
-- Generation Time: Mar 07, 2018 at 03:35 PM
-- Server version: 10.1.30-MariaDB
-- PHP Version: 7.2.1

SET SQL_MODE = "NO_AUTO_VALUE_ON_ZERO";
SET AUTOCOMMIT = 0;
START TRANSACTION;
SET time_zone = "+00:00";


/*!40101 SET @OLD_CHARACTER_SET_CLIENT=@@CHARACTER_SET_CLIENT */;
/*!40101 SET @OLD_CHARACTER_SET_RESULTS=@@CHARACTER_SET_RESULTS */;
/*!40101 SET @OLD_COLLATION_CONNECTION=@@COLLATION_CONNECTION */;
/*!40101 SET NAMES utf8mb4 */;

--
-- Database: `filrougeasteam`
--

-- --------------------------------------------------------

--
-- Table structure for table `categorie`
--

CREATE TABLE `categorie` (
  `id_categorie` int(11) NOT NULL,
  `name` varchar(60) NOT NULL
) ENGINE=InnoDB DEFAULT CHARSET=latin1;

--
-- Dumping data for table `categorie`
--

INSERT INTO `categorie` (`id_categorie`, `name`) VALUES
(1, 'Couture'),
(2, 'Informatique'),
(3, 'Electronique'),
(4, 'Bois'),
(5, 'Vélo-mécanique'),
(6, 'Divers');

-- --------------------------------------------------------

--
-- Table structure for table `post`
--

CREATE TABLE `post` (
  `id_post` int(11) NOT NULL,
  `title` varchar(100) NOT NULL,
  `text` text NOT NULL,
  `img` varchar(50) NOT NULL,
  `date` date NOT NULL,
  `user_id` int(11) NOT NULL
) ENGINE=InnoDB DEFAULT CHARSET=latin1;

--
-- Dumping data for table `post`
--

INSERT INTO `post` (`id_post`, `title`, `text`, `img`, `date`, `user_id`) VALUES
(25, 'ordinateur Informatique / Imprimante', 'Ordinateur portable, imprimante jet d\'encre / laser / aiguille, ordinateur de bureau, Lorem ipsum dolor sit amet, consectetur adipisicing elit, sed do eiusmod tempor incididunt ut labore et dolore magna aliqua. Ut enim ad minim veniam quis nostrud exercitation ullamco laboris nisi ut aliquip ex ea commodo consequat. Duis aute irure dolor in re.', 'reparation-ordinateur.jpg', '2018-03-07', 1),
(26, 'Electro / Electronique / Electricité', 'Sèche-cheveux, rasoir, mixer, grille pain, four, gaufrier, jeux vidéos, pèse-personne, radio, réveil, téléphone, machine à café, senseo, magnétoscope, lecteur DVD, walkman, jouets électroniques, chaîne Hi-Fi, horloge, lampe. Lorem ipsum dolor sit amet, consectetur adipisicing elit, sed do eiusmod tempor incididunt ut labore et dolore magna aliqua. Ut enim ad minim veniam, quis nostrud exercitation ullamco laboris', 'repair2.jpg', '2018-03-07', 1),
(27, 'Bois / Divers', 'Lorem ipsum dolor sit amet, consectetur adipisicing elit, sed do eiusmod tempor incididunt ut labore et dolore magna aliqua. Ut enim ad minim veniam, quis nostrud exercitation ullamco laboris. Duis aute irure dolor in reprehenderit in voluptate velit esse cillum dolore eu fugiat nulla pariatur. Excepteur sint occaecat cupidatat non proident, sunt in culpa qui officia deserunt mollit anim id est laborum.', 'repair3.jpeg', '2018-03-07', 1),
(28, 'Pariatur. Excepteur sint occaecat', 'Lorem ipsum dolor sit amet, consectetur adipisicing elit, sed do eiusmod tempor incididunt ut labore et dolore magna aliqua. Ut enim ad minim veniam, quis nostrud exercitation ullamco laboris nisi ut aliquip ex ea commodo consequat. Duis aute irure dolor in reprehenderit in voluptate velit esse cillum dolore eu fugiat nulla pariatur. Excepteur sint occaecat cupidatat non proident, sunt in culpa qui officia deserunt mollit anim id est laborum.', 'couture.jpeg', '2018-03-07', 1),
(29, 'Consectetur adipisicing elit', 'Lorem ipsum dolor sit amet, consectetur adipisicing elit, sed do eiusmod tempor incididunt ut labore et dolore magna aliqua. Ut enim ad minim veniam, quis nostrud exercitation ullamco laboris nisi ut aliquip ex ea commodo consequat. Duis aute irure dolor in reprehenderit in voluptate velit esse cillum dolore eu fugiat nulla pariatur. Excepteur sint occaecat cupidatat non proident.', 'bike.jpeg', '2018-03-07', 1),
(30, 'Ut enim ad minim veniam', 'Lorem ipsum dolor sit amet, consectetur adipisicing elit, sed do eiusmod tempor incididunt ut labore et dolore magna aliqua. Ut enim ad minim veniam, quis nostrud exercitation. ullamco laboris nisi ut aliquip ex ea commodo consequat. Duis aute irure dolor in reprehenderit in voluptate velit esse cillum dolore eu fugiat nulla pariatur. Excepteur sint occaecat cupidatat non proident, sunt in culpa qui.', 'repair4.jpeg', '2018-03-07', 1);

-- --------------------------------------------------------

--
-- Table structure for table `post_categorie`
--

CREATE TABLE `post_categorie` (
  `id_post` int(11) NOT NULL,
  `id_categorie` int(11) NOT NULL
) ENGINE=InnoDB DEFAULT CHARSET=latin1;

--
-- Dumping data for table `post_categorie`
--

INSERT INTO `post_categorie` (`id_post`, `id_categorie`) VALUES
(25, 2),
(25, 3),
(26, 3),
(26, 6),
(27, 4),
(27, 6),
(28, 1),
(28, 6),
(29, 3),
(29, 5),
(29, 6),
(30, 2),
(30, 6);

-- --------------------------------------------------------

--
-- Table structure for table `user`
--

CREATE TABLE `user` (
  `id_user` int(11) NOT NULL,
  `prenom` varchar(60) NOT NULL,
  `nom` varchar(60) NOT NULL,
  `email` varchar(60) NOT NULL,
  `password` varchar(60) NOT NULL
) ENGINE=InnoDB DEFAULT CHARSET=latin1;

--
-- Dumping data for table `user`
--

INSERT INTO `user` (`id_user`, `prenom`, `nom`, `email`, `password`) VALUES
(1, 'Marina', 'Shvanova', 'm.s@gmail.com', '$2y$10$gbyQ8X/qfkizKqcNEDtElOIGOKVV5aiVAeiC8hXd7dTv6RSowiXse'),
(2, 'user 2', 'Userovitch', 'user@gmail.com', '$2y$10$N3RcKdSsf7SQsPfkSe/VAOKJua.heeOveqBfcXZHZKTRz8Cvn4zFG');

--
-- Indexes for dumped tables
--

--
-- Indexes for table `categorie`
--
ALTER TABLE `categorie`
  ADD PRIMARY KEY (`id_categorie`);

--
-- Indexes for table `post`
--
ALTER TABLE `post`
  ADD PRIMARY KEY (`id_post`),
  ADD KEY `post_ibfk_1` (`user_id`);

--
-- Indexes for table `post_categorie`
--
ALTER TABLE `post_categorie`
  ADD KEY `post_categorie_ibfk_1` (`id_post`),
  ADD KEY `post_categorie_ibfk_2` (`id_categorie`);

--
-- Indexes for table `user`
--
ALTER TABLE `user`
  ADD PRIMARY KEY (`id_user`);

--
-- AUTO_INCREMENT for dumped tables
--

--
-- AUTO_INCREMENT for table `categorie`
--
ALTER TABLE `categorie`
  MODIFY `id_categorie` int(11) NOT NULL AUTO_INCREMENT, AUTO_INCREMENT=7;

--
-- AUTO_INCREMENT for table `post`
--
ALTER TABLE `post`
  MODIFY `id_post` int(11) NOT NULL AUTO_INCREMENT, AUTO_INCREMENT=31;

--
-- AUTO_INCREMENT for table `user`
--
ALTER TABLE `user`
  MODIFY `id_user` int(11) NOT NULL AUTO_INCREMENT, AUTO_INCREMENT=3;

--
-- Constraints for dumped tables
--

--
-- Constraints for table `post`
--
ALTER TABLE `post`
  ADD CONSTRAINT `post_ibfk_1` FOREIGN KEY (`user_id`) REFERENCES `user` (`id_user`);

--
-- Constraints for table `post_categorie`
--
ALTER TABLE `post_categorie`
  ADD CONSTRAINT `post_categorie_ibfk_1` FOREIGN KEY (`id_post`) REFERENCES `post` (`id_post`) ON DELETE CASCADE ON UPDATE CASCADE,
  ADD CONSTRAINT `post_categorie_ibfk_2` FOREIGN KEY (`id_categorie`) REFERENCES `categorie` (`id_categorie`) ON DELETE CASCADE ON UPDATE CASCADE;
COMMIT;

/*!40101 SET CHARACTER_SET_CLIENT=@OLD_CHARACTER_SET_CLIENT */;
/*!40101 SET CHARACTER_SET_RESULTS=@OLD_CHARACTER_SET_RESULTS */;
/*!40101 SET COLLATION_CONNECTION=@OLD_COLLATION_CONNECTION */;
